[
  {
    "id": "153bd499-6c09-447c-b68b-432504c73713",
    "data": [
      {
        "text": "sounds good",
        "userDefined": false
      }
    ],
    "isTemplate": false,
    "count": 0,
    "updated": 1526104258
  },
  {
    "id": "b0ff9699-5537-429d-b071-a7fd5011e35c",
    "data": [
      {
        "text": "I would like to add items to the database",
        "userDefined": false
      }
    ],
    "isTemplate": false,
    "count": 0,
    "updated": 1526104258
  },
  {
    "id": "b843608e-7659-46d8-a0f9-e82c44840582",
    "data": [
      {
        "text": "ok",
        "userDefined": false
      }
    ],
    "isTemplate": false,
    "count": 0,
    "updated": 1526104258
  },
  {
    "id": "05364c41-1f50-4a08-92ae-a23fbe5079ed",
    "data": [
      {
        "text": "sure",
        "userDefined": false
      }
    ],
    "isTemplate": false,
    "count": 2,
    "updated": 1526104258
  },
  {
    "id": "00f5e431-2c5e-43e3-a0a3-feb44ca4e219",
    "data": [
      {
        "text": "confirm",
        "userDefined": false
      }
    ],
    "isTemplate": false,
    "count": 1,
    "updated": 1526104258
  },
  {
    "id": "60bef472-8aba-467e-94d4-750d8c5c27f0",
    "data": [
      {
        "text": "do it",
        "userDefined": false
      }
    ],
    "isTemplate": false,
    "count": 1,
    "updated": 1526104258
  },
  {
    "id": "2453c8e4-bb6f-457d-9f26-2bacf020c66d",
    "data": [
      {
        "text": "I agree",
        "userDefined": false
      }
    ],
    "isTemplate": false,
    "count": 1,
    "updated": 1526104258
  },
  {
    "id": "f44b446b-7a0a-4303-b320-2279ff70f6ef",
    "data": [
      {
        "text": "of course",
        "userDefined": false
      }
    ],
    "isTemplate": false,
    "count": 0,
    "updated": 1526104258
  },
  {
    "id": "a05096bb-5c49-4d01-bddd-ddb1c064c3d6",
    "data": [
      {
        "text": "okay",
        "userDefined": false
      }
    ],
    "isTemplate": false,
    "count": 0,
    "updated": 1526104258
  },
  {
    "id": "6802041c-faae-41ea-9f8c-9ebd251c989d",
    "data": [
      {
        "text": "that\u0027s correct",
        "userDefined": false
      }
    ],
    "isTemplate": false,
    "count": 0,
    "updated": 1526104258
  },
  {
    "id": "e4ef0b90-3549-408e-a702-456eb7ca07a6",
    "data": [
      {
        "text": "exactly",
        "userDefined": false
      }
    ],
    "isTemplate": false,
    "count": 0,
    "updated": 1526104258
  },
  {
    "id": "cb2376cd-bc0f-4430-bf87-e0d84900134a",
    "data": [
      {
        "text": "I don\u0027t mind",
        "userDefined": false
      }
    ],
    "isTemplate": false,
    "count": 0,
    "updated": 1526104258
  },
  {
    "id": "4eedd30d-49b0-4b94-a0d7-6750434e7f73",
    "data": [
      {
        "text": "yes",
        "userDefined": false
      }
    ],
    "isTemplate": false,
    "count": 0,
    "updated": 1526104258
  }
]