[
  {
    "id": "12041c9d-150b-4b96-b932-65473f403c31",
    "data": [
      {
        "text": "sure",
        "userDefined": false
      }
    ],
    "isTemplate": false,
    "count": 2,
    "updated": 1523892191
  },
  {
    "id": "c06a48cc-4d97-4764-b6c6-d1ac51f3d8da",
    "data": [
      {
        "text": "confirm",
        "userDefined": false
      }
    ],
    "isTemplate": false,
    "count": 1,
    "updated": 1523892191
  },
  {
    "id": "9ffe3967-c5ef-47d0-aab8-126bf0b8f1bb",
    "data": [
      {
        "text": "do it",
        "userDefined": false
      }
    ],
    "isTemplate": false,
    "count": 1,
    "updated": 1523892191
  },
  {
    "id": "f646345c-b8b0-4bb0-ad62-1a8baaa9ab86",
    "data": [
      {
        "text": "that\u0027s correct",
        "userDefined": false
      }
    ],
    "isTemplate": false,
    "count": 0,
    "updated": 1523892191
  },
  {
    "id": "1a0f9653-f642-4202-b968-30c492ed2d59",
    "data": [
      {
        "text": "of course",
        "userDefined": false
      }
    ],
    "isTemplate": false,
    "count": 0,
    "updated": 1523892191
  },
  {
    "id": "5f3441c3-69d6-445c-836b-bef2e8bdb1b7",
    "data": [
      {
        "text": "I agree",
        "userDefined": false
      }
    ],
    "isTemplate": false,
    "count": 1,
    "updated": 1523892191
  },
  {
    "id": "88ba8b5b-7519-4525-b781-fd9397cd06d8",
    "data": [
      {
        "text": "exactly",
        "userDefined": false
      }
    ],
    "isTemplate": false,
    "count": 0,
    "updated": 1523892191
  },
  {
    "id": "c4acb906-5cb6-45d1-b8bf-0a019747c8b4",
    "data": [
      {
        "text": "sounds good",
        "userDefined": false
      }
    ],
    "isTemplate": false,
    "count": 0,
    "updated": 1523892191
  },
  {
    "id": "5225e0e0-2d6d-4b9f-afd5-f49b68cbb2d2",
    "data": [
      {
        "text": "I don\u0027t mind",
        "userDefined": false
      }
    ],
    "isTemplate": false,
    "count": 0,
    "updated": 1523892191
  },
  {
    "id": "3ca92aaa-a977-4d1e-8884-b97a829499a8",
    "data": [
      {
        "text": "okay",
        "userDefined": false
      }
    ],
    "isTemplate": false,
    "count": 0,
    "updated": 1523892191
  },
  {
    "id": "94e27290-3381-4f78-b0a8-e0d5edea7d06",
    "data": [
      {
        "text": "ok",
        "userDefined": false
      }
    ],
    "isTemplate": false,
    "count": 0,
    "updated": 1523892191
  },
  {
    "id": "acf7e9da-a0fc-437c-94cb-c534d658310e",
    "data": [
      {
        "text": "yes",
        "userDefined": false
      }
    ],
    "isTemplate": false,
    "count": 0,
    "updated": 1523892191
  }
]