[
  {
    "id": "a9ed33de-4a11-4752-a136-ee49faf55a92",
    "data": [
      {
        "text": "send bobs",
        "userDefined": false
      }
    ],
    "isTemplate": false,
    "count": 0,
    "updated": 1525946605
  },
  {
    "id": "372a3f0d-3d41-4584-803d-5e590946ecdc",
    "data": [
      {
        "text": "send ",
        "userDefined": false
      },
      {
        "text": "bob",
        "alias": "given-name",
        "meta": "@sys.given-name",
        "userDefined": false
      }
    ],
    "isTemplate": false,
    "count": 0,
    "updated": 1525946605
  }
]