[
  {
    "id": "5b7f8f61-6447-4b3b-982b-768d473bb711",
    "data": [
      {
        "text": "talk to me in ",
        "userDefined": false
      },
      {
        "text": "English",
        "alias": "language",
        "meta": "@sys.language",
        "userDefined": false
      }
    ],
    "isTemplate": false,
    "count": 0,
    "updated": 1526059047
  },
  {
    "id": "98e8475e-a485-447d-867c-7841e354e26a",
    "data": [
      {
        "text": "Tell me something in ",
        "userDefined": false
      },
      {
        "text": "English",
        "alias": "language",
        "meta": "@sys.language",
        "userDefined": false
      }
    ],
    "isTemplate": false,
    "count": 0,
    "updated": 1526059047
  },
  {
    "id": "ec141a27-2da9-4fd9-9ecf-79bf65fc3813",
    "data": [
      {
        "text": "Say something in ",
        "userDefined": false
      },
      {
        "text": "English",
        "alias": "language",
        "meta": "@sys.language",
        "userDefined": false
      }
    ],
    "isTemplate": false,
    "count": 0,
    "updated": 1526059047
  }
]