[
  {
    "id": "e4fc750d-ee2c-4f4c-83fb-759da56a61dd",
    "data": [
      {
        "text": "do you like it here",
        "userDefined": false
      }
    ],
    "isTemplate": false,
    "count": 0,
    "updated": 1526009947
  },
  {
    "id": "2689a842-7a16-4710-8c30-5b51c85036fd",
    "data": [
      {
        "text": "are you excited",
        "userDefined": false
      }
    ],
    "isTemplate": false,
    "count": 0,
    "updated": 1526009947
  },
  {
    "id": "5ac46d15-a874-458d-893f-49fb88f44fcb",
    "data": [
      {
        "text": "are you having fun",
        "userDefined": false
      }
    ],
    "isTemplate": false,
    "count": 0,
    "updated": 1526009947
  },
  {
    "id": "b34bef56-2cfc-45e6-8e72-517e3f357f9a",
    "data": [
      {
        "text": "are you happy",
        "userDefined": false
      }
    ],
    "isTemplate": false,
    "count": 0,
    "updated": 1526009947
  }
]