[
  {
    "id": "e301fb48-8ec1-4aeb-8ea1-144057f6f28a",
    "data": [
      {
        "text": "Talk to me in Tulu",
        "userDefined": false
      }
    ],
    "isTemplate": false,
    "count": 0,
    "updated": 1526178142
  },
  {
    "id": "592d9fbf-cc74-4c02-98c2-19f9e03740bd",
    "data": [
      {
        "text": "Say something in Tulu",
        "userDefined": false
      }
    ],
    "isTemplate": false,
    "count": 0,
    "updated": 1526178142
  },
  {
    "id": "e95649cd-c372-47d5-b986-5f28f261f75c",
    "data": [
      {
        "text": "Tell me something in Tulu",
        "userDefined": false
      }
    ],
    "isTemplate": false,
    "count": 0,
    "updated": 1526178142
  }
]