[
  {
    "id": "5f66ecec-437e-4ee1-b191-27c5cc325c96",
    "data": [
      {
        "text": "How did you learn Hindi",
        "userDefined": false
      }
    ],
    "isTemplate": false,
    "count": 0,
    "updated": 1526058410
  },
  {
    "id": "7256bf7c-c66f-4f7e-97fb-dc90c0883c6f",
    "data": [
      {
        "text": "how did you learn Tulu",
        "userDefined": false
      }
    ],
    "isTemplate": false,
    "count": 0,
    "updated": 1526058410
  },
  {
    "id": "da0695ab-57f4-4cc5-b5e6-bb93550448b9",
    "data": [
      {
        "text": "How did you learn these laguages",
        "userDefined": false
      }
    ],
    "isTemplate": false,
    "count": 0,
    "updated": 1526058410
  }
]