[
  {
    "id": "a3759325-2aef-4b09-a423-1d7e72808eda",
    "data": [
      {
        "text": "what are ",
        "userDefined": false
      },
      {
        "text": "the",
        "meta": "@sys.ignore",
        "userDefined": false
      },
      {
        "text": " languages you know",
        "userDefined": false
      }
    ],
    "isTemplate": false,
    "count": 0,
    "updated": 1526058559
  },
  {
    "id": "c83c448f-26e0-4c5c-8e07-022cda82c30e",
    "data": [
      {
        "text": "what languages do you know",
        "userDefined": false
      }
    ],
    "isTemplate": false,
    "count": 0,
    "updated": 1526058559
  }
]