[
  {
    "id": "62419ff4-5ec7-4f95-8ad0-c0143fc47a38",
    "data": [
      {
        "text": "what color do you like",
        "userDefined": false
      }
    ],
    "isTemplate": false,
    "count": 0,
    "updated": 1526174979
  },
  {
    "id": "cece9539-ad45-474c-a291-187ff5f0a246",
    "data": [
      {
        "text": "do you have a favourite color",
        "userDefined": false
      }
    ],
    "isTemplate": false,
    "count": 0,
    "updated": 1526174979
  },
  {
    "id": "6c44c654-a6c5-429a-b497-46731654118d",
    "data": [
      {
        "text": "what is your favorite color",
        "userDefined": false
      }
    ],
    "isTemplate": false,
    "count": 0,
    "updated": 1526174979
  }
]