[
  {
    "id": "30557eee-874a-44e0-907b-96be95ee402d",
    "data": [
      {
        "text": "which is your best movie",
        "userDefined": false
      }
    ],
    "isTemplate": false,
    "count": 0,
    "updated": 1526174920
  },
  {
    "id": "8a8555db-e59e-45a9-8701-622304b81c9b",
    "data": [
      {
        "text": "which movie do you like",
        "userDefined": false
      }
    ],
    "isTemplate": false,
    "count": 0,
    "updated": 1526174920
  },
  {
    "id": "e557936e-fc1d-4866-ae22-0268051208df",
    "data": [
      {
        "text": "what is your favorite movie",
        "userDefined": false
      }
    ],
    "isTemplate": false,
    "count": 0,
    "updated": 1526174920
  }
]