[
  {
    "id": "64b7ae16-7793-4d76-8a3e-6159ea2e10b6",
    "data": [
      {
        "text": "what\u0027s up",
        "userDefined": false
      }
    ],
    "isTemplate": false,
    "count": 0,
    "updated": 1525947225
  },
  {
    "id": "a910cfab-7851-4a15-b05c-35801e1a8464",
    "data": [
      {
        "text": "what is up",
        "userDefined": false
      }
    ],
    "isTemplate": false,
    "count": 0,
    "updated": 1525947225
  },
  {
    "id": "292fdbdf-7026-440f-ba26-3d69320c9bfa",
    "data": [
      {
        "text": "what happened to you",
        "userDefined": false
      }
    ],
    "isTemplate": false,
    "count": 0,
    "updated": 1525947225
  },
  {
    "id": "6e113174-37b3-48dd-893a-81c696e53a7c",
    "data": [
      {
        "text": "why are you here",
        "userDefined": false
      }
    ],
    "isTemplate": false,
    "count": 0,
    "updated": 1525947225
  }
]