[
  {
    "id": "8cdca06b-d410-46be-b48b-940b452ebe77",
    "data": [
      {
        "text": "what is your favorite ",
        "userDefined": false
      },
      {
        "text": "any",
        "alias": "any",
        "meta": "@sys.any",
        "userDefined": true
      }
    ],
    "isTemplate": false,
    "count": 0,
    "updated": 1526010993
  },
  {
    "id": "5a4619f2-a663-4bab-9a51-5974eeee0522",
    "data": [
      {
        "text": "what do you love",
        "userDefined": false
      }
    ],
    "isTemplate": false,
    "count": 0,
    "updated": 1526010993
  },
  {
    "id": "661fcd83-4eeb-4fd6-8f50-875a138b20d6",
    "data": [
      {
        "text": "what do you like",
        "userDefined": false
      }
    ],
    "isTemplate": false,
    "count": 0,
    "updated": 1526010993
  }
]