[
  {
    "id": "1b827a3c-0275-44fa-b591-dae4c8fb982b",
    "data": [
      {
        "text": "when is your new movie",
        "userDefined": false
      }
    ],
    "isTemplate": false,
    "count": 0,
    "updated": 1526012394
  },
  {
    "id": "90a29bda-fd51-4695-b6f8-757aa24ccb20",
    "data": [
      {
        "text": "when is ",
        "userDefined": false
      },
      {
        "text": "the",
        "meta": "@sys.ignore",
        "userDefined": false
      },
      {
        "text": " next despicable me releasing",
        "userDefined": false
      }
    ],
    "isTemplate": false,
    "count": 0,
    "updated": 1526012394
  },
  {
    "id": "d8dbfff8-c4a0-4109-bd76-2cac1aa01e4a",
    "data": [
      {
        "text": "when is ",
        "userDefined": false
      },
      {
        "text": "the",
        "meta": "@sys.ignore",
        "userDefined": false
      },
      {
        "text": " next movie coming",
        "userDefined": false
      }
    ],
    "isTemplate": false,
    "count": 0,
    "updated": 1526012394
  }
]