[
  {
    "id": "13278d3a-2e1f-42f8-a187-03bf46c1e9e4",
    "data": [
      {
        "text": "why do you sound like that?",
        "userDefined": false
      }
    ],
    "isTemplate": false,
    "count": 0,
    "updated": 1526171364
  },
  {
    "id": "ff481447-9751-446a-9f5e-2c0edb475b7b",
    "data": [
      {
        "text": "why do you sound like an indian",
        "userDefined": false
      }
    ],
    "isTemplate": false,
    "count": 0,
    "updated": 1526058764
  },
  {
    "id": "3c6ad0fe-4629-4b13-b79c-6039cfe25d6f",
    "data": [
      {
        "text": "are you an indian",
        "userDefined": false
      }
    ],
    "isTemplate": false,
    "count": 0,
    "updated": 1526058764
  },
  {
    "id": "d9770f74-f5fa-4e56-89c4-c925bc4b6624",
    "data": [
      {
        "text": "why do you sound indian",
        "userDefined": false
      }
    ],
    "isTemplate": false,
    "count": 0,
    "updated": 1526058764
  }
]