[
  {
    "id": "703bffe9-648a-43f7-85f4-d9e0b4ce7ebe",
    "data": [
      {
        "text": "guide from your skills",
        "userDefined": false
      }
    ],
    "isTemplate": false,
    "count": 0,
    "updated": 1524915657
  },
  {
    "id": "731ca5f3-f801-43a2-b9d7-499d1379bba5",
    "data": [
      {
        "text": "what can you help me with",
        "userDefined": false
      }
    ],
    "isTemplate": false,
    "count": 0,
    "updated": 1524915657
  },
  {
    "id": "c7c8313f-e57e-4581-b736-d6480249a1c7",
    "data": [
      {
        "text": "show me your skills",
        "userDefined": false
      }
    ],
    "isTemplate": false,
    "count": 0,
    "updated": 1524915657
  },
  {
    "id": "9bc97ef2-4fcb-4beb-8520-7f728623ecc1",
    "data": [
      {
        "text": "show me what you do",
        "userDefined": false
      }
    ],
    "isTemplate": false,
    "count": 0,
    "updated": 1524915657
  },
  {
    "id": "76b74c11-19e8-4cf2-9823-8320596661e9",
    "data": [
      {
        "text": "feature",
        "userDefined": false
      }
    ],
    "isTemplate": false,
    "count": 0,
    "updated": 1524915657
  },
  {
    "id": "63b85984-8472-4082-adb7-5fdad470bd16",
    "data": [
      {
        "text": "tell me some of your interesting capabilities",
        "userDefined": false
      }
    ],
    "isTemplate": false,
    "count": 0,
    "updated": 1524915657
  },
  {
    "id": "04a98931-9b43-4262-9ebb-0ccc54961c18",
    "data": [
      {
        "text": "what can I ask you about",
        "userDefined": false
      }
    ],
    "isTemplate": false,
    "count": 0,
    "updated": 1524915657
  },
  {
    "id": "27ff0e97-7627-49c3-82c8-fc0c9c14a0b8",
    "data": [
      {
        "text": "what are you capable of",
        "userDefined": false
      }
    ],
    "isTemplate": false,
    "count": 0,
    "updated": 1524915657
  },
  {
    "id": "f59567e3-7804-4e75-8b3e-4c4ce9b76982",
    "data": [
      {
        "text": "is there something I should know about your features",
        "userDefined": false
      }
    ],
    "isTemplate": false,
    "count": 0,
    "updated": 1524915657
  },
  {
    "id": "58ed11f4-fe28-4a3d-aa77-980ec40a7d45",
    "data": [
      {
        "text": "what can you do",
        "userDefined": false
      }
    ],
    "isTemplate": false,
    "count": 1,
    "updated": 1524915657
  },
  {
    "id": "fca21398-4698-4094-916c-20b194dd919e",
    "data": [
      {
        "text": "what are your main features",
        "userDefined": false
      }
    ],
    "isTemplate": false,
    "count": 0,
    "updated": 1524915657
  },
  {
    "id": "2b751cd8-e217-494b-9ffa-e925906f7fb6",
    "data": [
      {
        "text": "how do we start working",
        "userDefined": false
      }
    ],
    "isTemplate": false,
    "count": 0,
    "updated": 1524915657
  }
]