[
  {
    "id": "c9e1e106-51f7-4eb6-beec-3a7d3d9aed25",
    "data": [
      {
        "text": "tell me your features",
        "userDefined": false
      }
    ],
    "isTemplate": false,
    "count": 0,
    "updated": 1525256974
  },
  {
    "id": "7cf28ab9-6c34-4b30-8fe4-e190c499149b",
    "data": [
      {
        "text": "what features",
        "userDefined": false
      }
    ],
    "isTemplate": false,
    "count": 0,
    "updated": 1525256974
  },
  {
    "id": "351b638f-5750-45eb-850a-45637456345b",
    "data": [
      {
        "text": "features",
        "userDefined": false
      }
    ],
    "isTemplate": false,
    "count": 0,
    "updated": 1525256974
  }
]