[
  {
    "id": "83a73805-81d1-4868-b458-2eba1987968f",
    "data": [
      {
        "text": "what secret",
        "userDefined": false
      }
    ],
    "isTemplate": false,
    "count": 0,
    "updated": 1524562242
  },
  {
    "id": "00c36325-1ad0-4b64-a48b-dce7d60b4471",
    "data": [
      {
        "text": "what is the secret",
        "userDefined": false
      }
    ],
    "isTemplate": false,
    "count": 0,
    "updated": 1524562242
  },
  {
    "id": "733b9f31-5352-4b76-afcc-96f88bbab976",
    "data": [
      {
        "text": "tell me your secret function",
        "userDefined": false
      }
    ],
    "isTemplate": false,
    "count": 0,
    "updated": 1524562242
  },
  {
    "id": "e7192046-46e8-4ab9-9ee5-bbcb8bfdcd7e",
    "data": [
      {
        "text": "what secret function",
        "userDefined": false
      }
    ],
    "isTemplate": false,
    "count": 0,
    "updated": 1524562242
  }
]