[
  {
    "id": "19cc9d45-3192-480d-9228-b37f278efa13",
    "data": [
      {
        "text": "I am done",
        "userDefined": false
      }
    ],
    "isTemplate": false,
    "count": 0,
    "updated": 1526172239
  },
  {
    "id": "e5928d81-c5f7-4b42-a7bc-e4670ffe5177",
    "data": [
      {
        "text": "I want to leave ",
        "userDefined": false
      },
      {
        "text": "the",
        "meta": "@sys.ignore",
        "userDefined": false
      },
      {
        "text": " store",
        "userDefined": false
      }
    ],
    "isTemplate": false,
    "count": 0,
    "updated": 1526172239
  },
  {
    "id": "58fda6b6-ed8a-4e9b-9073-78bebba7e056",
    "data": [
      {
        "text": "exit",
        "userDefined": false
      }
    ],
    "isTemplate": false,
    "count": 0,
    "updated": 1525630751
  },
  {
    "id": "4a1dde33-43ac-4ca5-b471-992bd194c938",
    "data": [
      {
        "text": "I want to leave",
        "userDefined": false
      }
    ],
    "isTemplate": false,
    "count": 0,
    "updated": 1524893511
  },
  {
    "id": "a52172c9-50c1-42f8-bb87-a34e3653a3d4",
    "data": [
      {
        "text": "I have done everything",
        "userDefined": false
      }
    ],
    "isTemplate": false,
    "count": 0,
    "updated": 1524893511
  },
  {
    "id": "845f9d6d-909c-4085-9c0f-c6eb777a67e9",
    "data": [
      {
        "text": "This conversation is over.",
        "userDefined": false
      }
    ],
    "isTemplate": false,
    "count": 0,
    "updated": 1524893511
  },
  {
    "id": "354b2dd7-df6b-4c4a-af1d-7710a82fe5b6",
    "data": [
      {
        "text": "End the conversation",
        "userDefined": false
      }
    ],
    "isTemplate": false,
    "count": 0,
    "updated": 1524893511
  },
  {
    "id": "a538e657-f8eb-4e19-b8c5-0e25a296dee8",
    "data": [
      {
        "text": "I have finished",
        "userDefined": false
      }
    ],
    "isTemplate": false,
    "count": 0,
    "updated": 1524893511
  },
  {
    "id": "213b596a-92f4-45c5-8dc0-16b4349a3043",
    "data": [
      {
        "text": "It is over",
        "userDefined": false
      }
    ],
    "isTemplate": false,
    "count": 0,
    "updated": 1524893511
  },
  {
    "id": "fc07d927-cc47-460f-b5c6-0182995ba693",
    "data": [
      {
        "text": "That is all",
        "userDefined": false
      }
    ],
    "isTemplate": false,
    "count": 0,
    "updated": 1524893511
  }
]