[
  {
    "id": "0cdb5476-0744-46fe-b5da-25ba93124020",
    "data": [
      {
        "text": "who is this ?",
        "userDefined": false
      }
    ],
    "isTemplate": false,
    "count": 0,
    "updated": 1525770776
  },
  {
    "id": "61db82bb-ab97-4e95-b52b-a666be88aaa0",
    "data": [
      {
        "text": "tell me about virtual ",
        "userDefined": false
      },
      {
        "text": "assistants",
        "meta": "@sys.ignore",
        "userDefined": false
      }
    ],
    "isTemplate": false,
    "count": 0,
    "updated": 1524932425
  },
  {
    "id": "de448de6-d37c-40e5-91db-5a9e9fa6d0e4",
    "data": [
      {
        "text": "what are chatbots designed for",
        "userDefined": false
      }
    ],
    "isTemplate": false,
    "count": 0,
    "updated": 1524932425
  },
  {
    "id": "017b7068-0db3-4d2b-9ec0-56551313dd6f",
    "data": [
      {
        "text": "what is a assistant app",
        "userDefined": false
      }
    ],
    "isTemplate": false,
    "count": 0,
    "updated": 1524932425
  },
  {
    "id": "7edd104d-a2f4-4db9-a300-f090fafcafab",
    "data": [
      {
        "text": "how does a bot work",
        "userDefined": false
      }
    ],
    "isTemplate": false,
    "count": 0,
    "updated": 1524932425
  },
  {
    "id": "f813cce1-7ba2-4184-860c-36f36f427719",
    "data": [
      {
        "text": "what are virtual assistants",
        "userDefined": false
      }
    ],
    "isTemplate": false,
    "count": 0,
    "updated": 1524932425
  },
  {
    "id": "611359c7-2b4a-4d19-a51e-8b0e407aef98",
    "data": [
      {
        "text": "do you know anything about conversation apps",
        "userDefined": false
      }
    ],
    "isTemplate": false,
    "count": 0,
    "updated": 1524932425
  }
]