[
  {
    "id": "03e5eccf-8e77-468b-8f2e-8c8ec49e05cd",
    "data": [
      {
        "text": "please help me",
        "userDefined": false
      }
    ],
    "isTemplate": false,
    "count": 0,
    "updated": 1524921279
  },
  {
    "id": "bc44608e-ea62-4d04-b2d5-f66898f5fb78",
    "data": [
      {
        "text": "help me out",
        "userDefined": false
      }
    ],
    "isTemplate": false,
    "count": 0,
    "updated": 1524921279
  },
  {
    "id": "f4389e99-ca35-437c-ab72-7abc3f1a2189",
    "data": [
      {
        "text": "help",
        "userDefined": false
      }
    ],
    "isTemplate": false,
    "count": 0,
    "updated": 1524921279
  },
  {
    "id": "ea4b09a0-fb71-47e5-a0ef-0ca22d45beec",
    "data": [
      {
        "text": "what are your functions",
        "userDefined": false
      }
    ],
    "isTemplate": false,
    "count": 0,
    "updated": 1524561995
  },
  {
    "id": "6a009610-5a5a-4534-9c78-d25d1a66ecb1",
    "data": [
      {
        "text": "what can I",
        "userDefined": false
      }
    ],
    "isTemplate": false,
    "count": 0,
    "updated": 1524561995
  },
  {
    "id": "90dba269-f32d-4bca-854e-845c34100300",
    "data": [
      {
        "text": "what can I do in this store",
        "userDefined": false
      }
    ],
    "isTemplate": false,
    "count": 0,
    "updated": 1524561995
  },
  {
    "id": "fb59393c-4fcd-4ec0-8bf4-4293c91cf354",
    "data": [
      {
        "text": "be specific",
        "userDefined": false
      }
    ],
    "isTemplate": false,
    "count": 0,
    "updated": 1524561995
  },
  {
    "id": "67d9c03a-9f36-4120-88aa-6b07b703a492",
    "data": [
      {
        "text": "what can I do here",
        "userDefined": false
      }
    ],
    "isTemplate": false,
    "count": 0,
    "updated": 1524561995
  },
  {
    "id": "3711f862-356d-4069-a22a-afe814e86f1a",
    "data": [
      {
        "text": "so what can you do",
        "userDefined": false
      }
    ],
    "isTemplate": false,
    "count": 0,
    "updated": 1524561995
  }
]