[
  {
    "id": "2e2e355a-19c7-48b0-a2d2-bae3dd932d6f",
    "data": [
      {
        "text": "bill",
        "meta": "@sys.ignore",
        "userDefined": false
      }
    ],
    "isTemplate": false,
    "count": 0,
    "updated": 1526541596
  },
  {
    "id": "38f0db80-c3af-4ea7-bb7f-9e3c54b463ce",
    "data": [
      {
        "text": "what is the total ",
        "userDefined": false
      },
      {
        "text": "cost",
        "alias": "attributes",
        "meta": "@attributes",
        "userDefined": false
      }
    ],
    "isTemplate": false,
    "count": 0,
    "updated": 1524585249
  },
  {
    "id": "5bf9bca9-0817-435e-9e84-3ebdb539ccbd",
    "data": [
      {
        "text": "what is the ",
        "userDefined": false
      },
      {
        "text": "price",
        "alias": "attributes",
        "meta": "@attributes",
        "userDefined": false
      },
      {
        "text": " of all the items in the ",
        "userDefined": false
      },
      {
        "text": "cart",
        "alias": "cart",
        "meta": "@cart",
        "userDefined": true
      }
    ],
    "isTemplate": false,
    "count": 0,
    "updated": 1525772329
  },
  {
    "id": "aec02819-01c9-46b5-9f19-f259fb2f9288",
    "data": [
      {
        "text": "what is the total vaue",
        "userDefined": false
      }
    ],
    "isTemplate": false,
    "count": 0,
    "updated": 1524585249
  },
  {
    "id": "7d468281-53b2-4860-b9bc-5122ddccca98",
    "data": [
      {
        "text": "what is the bill",
        "userDefined": false
      }
    ],
    "isTemplate": false,
    "count": 0,
    "updated": 1524585249
  }
]