[
  {
    "id": "16a8b956-29ac-42e5-ab84-9aa34fe86c67",
    "data": [
      {
        "text": "remove ",
        "userDefined": false
      },
      {
        "text": "all",
        "alias": "all",
        "meta": "@all",
        "userDefined": false
      },
      {
        "text": " ",
        "userDefined": false
      },
      {
        "text": "apples",
        "alias": "name",
        "meta": "@product",
        "userDefined": false
      }
    ],
    "isTemplate": false,
    "count": 0,
    "updated": 1525921424
  },
  {
    "id": "abc60abd-4d6a-4fa8-bd16-efbab0769fd8",
    "data": [
      {
        "text": "remove ",
        "userDefined": false
      },
      {
        "text": "all",
        "alias": "all",
        "meta": "@all",
        "userDefined": false
      },
      {
        "text": " ",
        "userDefined": false
      },
      {
        "text": "the",
        "alias": "cart",
        "meta": "@cart",
        "userDefined": false
      },
      {
        "text": " ",
        "userDefined": false
      },
      {
        "text": "apples",
        "alias": "name",
        "meta": "@product",
        "userDefined": false
      }
    ],
    "isTemplate": false,
    "count": 0,
    "updated": 1525921424
  },
  {
    "id": "437f811f-2090-426e-bb75-3737582c7bed",
    "data": [
      {
        "text": "remove ",
        "userDefined": false
      },
      {
        "text": "apple",
        "meta": "@sys.ignore",
        "userDefined": false
      },
      {
        "text": " from my ",
        "userDefined": false
      },
      {
        "text": "cart",
        "alias": "cart",
        "meta": "@cart",
        "userDefined": true
      }
    ],
    "isTemplate": false,
    "count": 0,
    "updated": 1525772526
  },
  {
    "id": "93fc4312-25ac-495f-b2ab-052ecfc908a9",
    "data": [
      {
        "text": "Remove an ",
        "userDefined": false
      },
      {
        "text": "apple",
        "alias": "name",
        "meta": "@product",
        "userDefined": true
      },
      {
        "text": " from the ",
        "userDefined": false
      },
      {
        "text": "cart",
        "alias": "cart",
        "meta": "@cart",
        "userDefined": true
      }
    ],
    "isTemplate": false,
    "count": 0,
    "updated": 1525772526
  },
  {
    "id": "21255aa2-84ff-40eb-ad46-4dca0777293c",
    "data": [
      {
        "text": "remove ",
        "userDefined": false
      },
      {
        "text": "apple",
        "alias": "name",
        "meta": "@product",
        "userDefined": true
      }
    ],
    "isTemplate": false,
    "count": 0,
    "updated": 1525772526
  },
  {
    "id": "b7e67f47-e370-4b0f-85a9-60ddd39b4e66",
    "data": [
      {
        "text": "remove ",
        "userDefined": false
      },
      {
        "text": "5",
        "alias": "number",
        "meta": "@sys.any",
        "userDefined": false
      },
      {
        "text": " ",
        "userDefined": false
      },
      {
        "text": "apples",
        "alias": "name",
        "meta": "@product",
        "userDefined": true
      }
    ],
    "isTemplate": false,
    "count": 0,
    "updated": 1525922081
  },
  {
    "id": "eea0e6b8-4b04-45c3-8156-e07430a613cd",
    "data": [
      {
        "text": "remove ",
        "userDefined": false
      },
      {
        "text": "3",
        "alias": "number",
        "meta": "@sys.any",
        "userDefined": false
      },
      {
        "text": " ",
        "userDefined": false
      },
      {
        "text": "apples",
        "alias": "name",
        "meta": "@product",
        "userDefined": false
      },
      {
        "text": " from the ",
        "userDefined": false
      },
      {
        "text": "cart",
        "alias": "cart",
        "meta": "@cart",
        "userDefined": true
      }
    ],
    "isTemplate": false,
    "count": 0,
    "updated": 1525922081
  },
  {
    "id": "859727d7-2e78-46f7-845d-4e905d0552d2",
    "data": [
      {
        "text": "delete ",
        "userDefined": false
      },
      {
        "text": "apple",
        "alias": "name",
        "meta": "@product",
        "userDefined": true
      },
      {
        "text": " from the ",
        "userDefined": false
      },
      {
        "text": "cart",
        "alias": "cart",
        "meta": "@cart",
        "userDefined": true
      }
    ],
    "isTemplate": false,
    "count": 0,
    "updated": 1525772526
  }
]