[
  {
    "id": "286986e7-aaa1-4ad3-ac12-75e155257587",
    "data": [
      {
        "text": "remove all items",
        "userDefined": false
      }
    ],
    "isTemplate": false,
    "count": 0,
    "updated": 1525801868
  },
  {
    "id": "bbb7eff3-bd4b-42d6-bac7-dd85c25b00a5",
    "data": [
      {
        "text": "remove all items from ",
        "userDefined": false
      },
      {
        "text": "my cart",
        "alias": "cart",
        "meta": "@cart",
        "userDefined": false
      }
    ],
    "isTemplate": false,
    "count": 0,
    "updated": 1525801603
  },
  {
    "id": "5f26a422-9a7f-4d77-80e0-e2459d7a3e80",
    "data": [
      {
        "text": "remove all ",
        "userDefined": false
      },
      {
        "text": "the",
        "meta": "@sys.ignore",
        "userDefined": false
      },
      {
        "text": " items",
        "userDefined": false
      }
    ],
    "isTemplate": false,
    "count": 0,
    "updated": 1525801868
  },
  {
    "id": "8a178cf4-8ba2-4d35-8d97-b1c3e37c4456",
    "data": [
      {
        "text": "Remove all items from ",
        "userDefined": false
      },
      {
        "text": "the cart",
        "alias": "cart",
        "meta": "@cart",
        "userDefined": false
      }
    ],
    "isTemplate": false,
    "count": 0,
    "updated": 1525801603
  }
]