[
  {
    "id": "c1cded77-41f9-4419-bcaa-be1723d8a8d1",
    "data": [
      {
        "text": "what is in ",
        "userDefined": false
      },
      {
        "text": "the cart",
        "alias": "cart",
        "meta": "@cart",
        "userDefined": false
      }
    ],
    "isTemplate": false,
    "count": 0,
    "updated": 1525773209
  },
  {
    "id": "f0bd9c1e-c581-44fc-87ae-46d579cd9a11",
    "data": [
      {
        "text": "show items in ",
        "userDefined": false
      },
      {
        "text": "cart",
        "alias": "cart",
        "meta": "@cart",
        "userDefined": true
      }
    ],
    "isTemplate": false,
    "count": 0,
    "updated": 1525772424
  },
  {
    "id": "f1430afb-3e2c-4567-bd6c-bc3f76e81c17",
    "data": [
      {
        "text": "what are the contents in the ",
        "userDefined": false
      },
      {
        "text": "cart",
        "alias": "cart",
        "meta": "@cart",
        "userDefined": true
      }
    ],
    "isTemplate": false,
    "count": 0,
    "updated": 1525772424
  },
  {
    "id": "49be75df-cb48-4a30-b2e2-cc0824d6d30b",
    "data": [
      {
        "text": "all ",
        "userDefined": false
      },
      {
        "text": "cart",
        "alias": "cart",
        "meta": "@cart",
        "userDefined": true
      },
      {
        "text": " items",
        "userDefined": false
      }
    ],
    "isTemplate": false,
    "count": 0,
    "updated": 1525772424
  },
  {
    "id": "03c25611-7e41-4da7-abff-573f097a7097",
    "data": [
      {
        "text": " show me all items that I have bought",
        "userDefined": false
      }
    ],
    "isTemplate": false,
    "count": 0,
    "updated": 1525772424
  },
  {
    "id": "82426b62-cba7-41d4-b6f4-5efe42bf18db",
    "data": [
      {
        "text": "cart",
        "alias": "cart",
        "meta": "@cart",
        "userDefined": true
      },
      {
        "text": " items",
        "userDefined": false
      }
    ],
    "isTemplate": false,
    "count": 0,
    "updated": 1525772424
  },
  {
    "id": "afa83b9a-f025-40a4-9bf4-bf158cae9667",
    "data": [
      {
        "text": "what are the items in the ",
        "userDefined": false
      },
      {
        "text": "cart",
        "alias": "cart",
        "meta": "@cart",
        "userDefined": true
      }
    ],
    "isTemplate": false,
    "count": 0,
    "updated": 1525772424
  }
]