[
  {
    "id": "df411072-0caa-44ce-8844-a87aa9022646",
    "data": [
      {
        "text": "ok",
        "userDefined": false
      }
    ],
    "isTemplate": false,
    "count": 0,
    "updated": 1523021529
  },
  {
    "id": "566205b2-f7cc-4bf8-a6a0-dc42996baf8e",
    "data": [
      {
        "text": "that\u0027s correct",
        "userDefined": false
      }
    ],
    "isTemplate": false,
    "count": 0,
    "updated": 1523021529
  },
  {
    "id": "04c890e1-a4f8-441d-9bbe-ec0bb4dee027",
    "data": [
      {
        "text": "sounds good",
        "userDefined": false
      }
    ],
    "isTemplate": false,
    "count": 0,
    "updated": 1523021529
  },
  {
    "id": "addb11d5-9732-4aec-9a40-fcf9e94d0f3b",
    "data": [
      {
        "text": "do it",
        "userDefined": false
      }
    ],
    "isTemplate": false,
    "count": 1,
    "updated": 1523021529
  },
  {
    "id": "20488f3c-69e9-4579-936c-995e06abec1d",
    "data": [
      {
        "text": "exactly",
        "userDefined": false
      }
    ],
    "isTemplate": false,
    "count": 0,
    "updated": 1523021529
  },
  {
    "id": "ff554f26-32c1-4c91-956c-98056bac1a34",
    "data": [
      {
        "text": "I don\u0027t mind",
        "userDefined": false
      }
    ],
    "isTemplate": false,
    "count": 0,
    "updated": 1523021529
  },
  {
    "id": "13bf521e-2652-4dcf-9427-d7b8d3d289a1",
    "data": [
      {
        "text": "sure",
        "userDefined": false
      }
    ],
    "isTemplate": false,
    "count": 2,
    "updated": 1523021529
  },
  {
    "id": "ddc70d31-49aa-4eaf-9ebd-845153502d4b",
    "data": [
      {
        "text": "of course",
        "userDefined": false
      }
    ],
    "isTemplate": false,
    "count": 0,
    "updated": 1523021529
  },
  {
    "id": "5830c68f-d65c-4412-98e0-a1ef8c0001e3",
    "data": [
      {
        "text": "yes",
        "userDefined": false
      }
    ],
    "isTemplate": false,
    "count": 0,
    "updated": 1523021529
  },
  {
    "id": "7132a5fb-1611-48b4-8c91-f6635940d24d",
    "data": [
      {
        "text": "confirm",
        "userDefined": false
      }
    ],
    "isTemplate": false,
    "count": 1,
    "updated": 1523021529
  },
  {
    "id": "b126b948-197b-46d7-8d57-6e7d2e4d328e",
    "data": [
      {
        "text": "I agree",
        "userDefined": false
      }
    ],
    "isTemplate": false,
    "count": 1,
    "updated": 1523021529
  },
  {
    "id": "1e0f5623-6164-4e81-b1a8-d483b0ea10e8",
    "data": [
      {
        "text": "okay",
        "userDefined": false
      }
    ],
    "isTemplate": false,
    "count": 0,
    "updated": 1523021529
  }
]