[
  {
    "id": "55281858-4272-4af6-b0d4-871a451a9dd2",
    "data": [
      {
        "text": "Delete an item from the database",
        "userDefined": false
      }
    ],
    "isTemplate": false,
    "count": 0,
    "updated": 1523548762
  },
  {
    "id": "0b686601-e174-48d8-8617-ef54e808138e",
    "data": [
      {
        "text": "Remove ",
        "userDefined": false
      },
      {
        "text": "apple",
        "alias": "product",
        "meta": "@sys.any",
        "userDefined": false
      },
      {
        "text": " from the database",
        "userDefined": false
      }
    ],
    "isTemplate": false,
    "count": 0,
    "updated": 1523548762
  },
  {
    "id": "c39a5b04-0994-4ca8-856e-dc784436b25f",
    "data": [
      {
        "text": "Remove an item from the database",
        "userDefined": false
      }
    ],
    "isTemplate": false,
    "count": 0,
    "updated": 1523548762
  }
]