[
  {
    "id": "f1e24477-dc90-4945-98cc-76ebb3022f15",
    "data": [
      {
        "text": "Please put ",
        "userDefined": false
      },
      {
        "text": "orange",
        "alias": "product",
        "meta": "@sys.any",
        "userDefined": true
      },
      {
        "text": " into the database.",
        "userDefined": false
      }
    ],
    "isTemplate": false,
    "count": 0,
    "updated": 1526101636
  },
  {
    "id": "d7d42abc-3e8d-4fc2-aa23-4fef670cef0e",
    "data": [
      {
        "text": "Add ",
        "userDefined": false
      },
      {
        "text": "orange",
        "alias": "product",
        "meta": "@sys.any",
        "userDefined": true
      },
      {
        "text": " to the database",
        "userDefined": false
      }
    ],
    "isTemplate": false,
    "count": 0,
    "updated": 1526101636
  },
  {
    "id": "559833b2-a389-4146-ae42-8424b0ccf40f",
    "data": [
      {
        "text": "Add something to the ",
        "userDefined": false
      },
      {
        "text": "database",
        "meta": "@sys.ignore",
        "userDefined": true
      }
    ],
    "isTemplate": false,
    "count": 0,
    "updated": 1526101636
  },
  {
    "id": "0f8765eb-4667-4766-b86e-c66d7d6ba48a",
    "data": [
      {
        "text": "Add an item to the database",
        "userDefined": false
      }
    ],
    "isTemplate": false,
    "count": 0,
    "updated": 1526101636
  },
  {
    "id": "ec0c47b7-43f9-4955-a03a-60e91a60d3b6",
    "data": [
      {
        "text": "Add an ",
        "userDefined": false
      },
      {
        "text": "orange",
        "alias": "product",
        "meta": "@sys.any",
        "userDefined": true
      },
      {
        "text": " to the database.",
        "userDefined": false
      }
    ],
    "isTemplate": false,
    "count": 0,
    "updated": 1526101636
  },
  {
    "id": "a7b67426-36a0-44f4-ac4a-1630146fd40b",
    "data": [
      {
        "text": "Add a value to the database",
        "userDefined": false
      }
    ],
    "isTemplate": false,
    "count": 0,
    "updated": 1526101636
  }
]