[
  {
    "id": "3c8c7e31-2c7b-496d-832c-d272fe52bc1c",
    "data": [
      {
        "text": "Update the ",
        "userDefined": false
      },
      {
        "text": "value",
        "alias": "attribute",
        "meta": "@sys.any",
        "userDefined": true
      },
      {
        "text": " of ",
        "userDefined": false
      },
      {
        "text": "apples",
        "alias": "product",
        "meta": "@product",
        "userDefined": false
      },
      {
        "text": " in the database",
        "userDefined": false
      }
    ],
    "isTemplate": false,
    "count": 0,
    "updated": 1525753177
  },
  {
    "id": "e07df2fa-32ef-4b78-a0af-3988c67cda38",
    "data": [
      {
        "text": "update the ",
        "userDefined": false
      },
      {
        "text": "price",
        "alias": "attribute",
        "meta": "@sys.any",
        "userDefined": true
      },
      {
        "text": " of ",
        "userDefined": false
      },
      {
        "text": "apple",
        "alias": "product",
        "meta": "@product",
        "userDefined": false
      }
    ],
    "isTemplate": false,
    "count": 0,
    "updated": 1525753177
  },
  {
    "id": "a934d7f2-1f3f-4c98-9c80-040c3541ca84",
    "data": [
      {
        "text": "Change an attribute in the database",
        "userDefined": false
      }
    ],
    "isTemplate": false,
    "count": 0,
    "updated": 1523451362
  },
  {
    "id": "afc97d6a-5626-4444-bc64-5d5437295639",
    "data": [
      {
        "text": "Update a ",
        "userDefined": false
      },
      {
        "text": "value",
        "meta": "@sys.ignore",
        "userDefined": false
      },
      {
        "text": " in the database",
        "userDefined": false
      }
    ],
    "isTemplate": false,
    "count": 0,
    "updated": 1523451362
  },
  {
    "id": "a312e4bf-c737-45a0-be12-f00d58fd3837",
    "data": [
      {
        "text": "Update an item in the database",
        "userDefined": false
      }
    ],
    "isTemplate": false,
    "count": 0,
    "updated": 1523451362
  },
  {
    "id": "35c073b6-c0b0-4d82-8cef-1b688964ed23",
    "data": [
      {
        "text": "Modify the ",
        "userDefined": false
      },
      {
        "text": "number",
        "alias": "attribute",
        "meta": "@sys.any",
        "userDefined": false
      },
      {
        "text": " of ",
        "userDefined": false
      },
      {
        "text": "apples",
        "alias": "product",
        "meta": "@product",
        "userDefined": false
      },
      {
        "text": " in the database",
        "userDefined": false
      }
    ],
    "isTemplate": false,
    "count": 0,
    "updated": 1525753177
  },
  {
    "id": "8d99589c-9e54-4889-b763-3f9c8a775597",
    "data": [
      {
        "text": "update ",
        "userDefined": false
      },
      {
        "text": "apple",
        "meta": "@sys.ignore",
        "userDefined": false
      },
      {
        "text": " from the database",
        "userDefined": false
      }
    ],
    "isTemplate": false,
    "count": 0,
    "updated": 1523451362
  },
  {
    "id": "cbbaab3c-f8e5-4ffe-a893-a5e858d068f9",
    "data": [
      {
        "text": "Change the ",
        "userDefined": false
      },
      {
        "text": "cost",
        "alias": "attribute",
        "meta": "@sys.any",
        "userDefined": true
      },
      {
        "text": " of ",
        "userDefined": false
      },
      {
        "text": "apples",
        "alias": "product",
        "meta": "@product",
        "userDefined": false
      },
      {
        "text": " in the database",
        "userDefined": false
      }
    ],
    "isTemplate": false,
    "count": 0,
    "updated": 1525753177
  },
  {
    "id": "5a803e35-1a43-4efa-9e76-3c3019fd729d",
    "data": [
      {
        "text": "Change an item in the database",
        "userDefined": false
      }
    ],
    "isTemplate": false,
    "count": 0,
    "updated": 1523451362
  },
  {
    "id": "d8f9294d-207e-4980-ae2b-3216558214e6",
    "data": [
      {
        "text": "Update ",
        "userDefined": false
      },
      {
        "text": "apple",
        "alias": "product",
        "meta": "@product",
        "userDefined": false
      }
    ],
    "isTemplate": false,
    "count": 0,
    "updated": 1525753177
  },
  {
    "id": "f6af8bfd-1d56-4248-a16e-236b59f59912",
    "data": [
      {
        "text": "Change the ",
        "userDefined": false
      },
      {
        "text": "description",
        "alias": "attribute",
        "meta": "@sys.any",
        "userDefined": false
      },
      {
        "text": " of orange to something else",
        "userDefined": false
      }
    ],
    "isTemplate": false,
    "count": 0,
    "updated": 1523451362
  },
  {
    "id": "5e530a6a-6993-4f1b-9b92-a2d606cdb45e",
    "data": [
      {
        "text": "Change a ",
        "userDefined": false
      },
      {
        "text": "value",
        "meta": "@sys.ignore",
        "userDefined": false
      },
      {
        "text": " in the database",
        "userDefined": false
      }
    ],
    "isTemplate": false,
    "count": 0,
    "updated": 1523451362
  }
]