[
  {
    "id": "0fe5e8f2-f7a8-4a6d-9fc4-3a9cbccf85d6",
    "data": [
      {
        "text": "sure",
        "userDefined": false
      }
    ],
    "isTemplate": false,
    "count": 2,
    "updated": 1523550623
  },
  {
    "id": "f9bd1026-5d3b-4c0e-b4d6-37da9eb408e5",
    "data": [
      {
        "text": "that\u0027s correct",
        "userDefined": false
      }
    ],
    "isTemplate": false,
    "count": 0,
    "updated": 1523550623
  },
  {
    "id": "c013894c-d0f5-4bb5-8b57-59a60f186ca3",
    "data": [
      {
        "text": "I don\u0027t mind",
        "userDefined": false
      }
    ],
    "isTemplate": false,
    "count": 0,
    "updated": 1523550623
  },
  {
    "id": "80dc3a98-be63-4c72-bfd0-15bb8a43f42d",
    "data": [
      {
        "text": "okay",
        "userDefined": false
      }
    ],
    "isTemplate": false,
    "count": 0,
    "updated": 1523550623
  },
  {
    "id": "d2f18c63-9c12-48c8-a092-77eeadda5393",
    "data": [
      {
        "text": "I agree",
        "userDefined": false
      }
    ],
    "isTemplate": false,
    "count": 1,
    "updated": 1523550623
  },
  {
    "id": "82d233b7-447f-4068-8cb2-84ab3bf1a585",
    "data": [
      {
        "text": "confirm",
        "userDefined": false
      }
    ],
    "isTemplate": false,
    "count": 1,
    "updated": 1523550623
  },
  {
    "id": "08b9db3e-37e3-4d37-a3fc-6870abf59339",
    "data": [
      {
        "text": "sounds good",
        "userDefined": false
      }
    ],
    "isTemplate": false,
    "count": 0,
    "updated": 1523550623
  },
  {
    "id": "be6845e9-73d7-47b3-aa58-aa46b31a8b53",
    "data": [
      {
        "text": "ok",
        "userDefined": false
      }
    ],
    "isTemplate": false,
    "count": 0,
    "updated": 1523550623
  },
  {
    "id": "f50d42f7-71f6-4bef-8297-ad8f213e2449",
    "data": [
      {
        "text": "of course",
        "userDefined": false
      }
    ],
    "isTemplate": false,
    "count": 0,
    "updated": 1523550623
  },
  {
    "id": "f6fb266e-16f2-43af-9181-c5ec9e5d80be",
    "data": [
      {
        "text": "exactly",
        "userDefined": false
      }
    ],
    "isTemplate": false,
    "count": 0,
    "updated": 1523550623
  },
  {
    "id": "00e4db29-7f12-4e30-8d58-e44a3336d52f",
    "data": [
      {
        "text": "do it",
        "userDefined": false
      }
    ],
    "isTemplate": false,
    "count": 1,
    "updated": 1523550623
  },
  {
    "id": "bbfc2854-0d2b-4996-9487-df6b746cbefa",
    "data": [
      {
        "text": "yes",
        "userDefined": false
      }
    ],
    "isTemplate": false,
    "count": 0,
    "updated": 1523550623
  }
]