[
  {
    "id": "a1b5e1ed-0ade-4bca-a866-8390b6431898",
    "data": [
      {
        "text": "what are ",
        "userDefined": false
      },
      {
        "text": "the",
        "meta": "@sys.ignore",
        "userDefined": false
      },
      {
        "text": " items in ",
        "userDefined": false
      },
      {
        "text": "the",
        "meta": "@sys.ignore",
        "userDefined": false
      },
      {
        "text": " store",
        "userDefined": false
      }
    ],
    "isTemplate": false,
    "count": 0,
    "updated": 1526570070
  },
  {
    "id": "aa29bfad-a63a-4a0c-8ca1-40cb6eb4d918",
    "data": [
      {
        "text": "how many items are there in ",
        "userDefined": false
      },
      {
        "text": "the",
        "meta": "@sys.ignore",
        "userDefined": false
      },
      {
        "text": " store",
        "userDefined": false
      }
    ],
    "isTemplate": false,
    "count": 0,
    "updated": 1526570070
  },
  {
    "id": "ace41193-400b-4a4a-9dc8-3f95969b1da9",
    "data": [
      {
        "text": "what",
        "userDefined": false
      }
    ],
    "isTemplate": false,
    "count": 0,
    "updated": 1526570070
  },
  {
    "id": "78d76ae1-94bd-4acb-a10e-daf3ba3748ce",
    "data": [
      {
        "text": "what is in the store",
        "userDefined": false
      }
    ],
    "isTemplate": false,
    "count": 0,
    "updated": 1526570070
  },
  {
    "id": "dbef5ca0-b159-4e35-8e5d-c258e7d5cb16",
    "data": [
      {
        "text": "what are the type of items in the store",
        "userDefined": false
      }
    ],
    "isTemplate": false,
    "count": 0,
    "updated": 1526570070
  },
  {
    "id": "4b283f92-46d0-428b-a064-b8ed82bbc150",
    "data": [
      {
        "text": "what items",
        "userDefined": false
      }
    ],
    "isTemplate": false,
    "count": 0,
    "updated": 1526570070
  },
  {
    "id": "f4e13157-0079-4a6c-a188-34c249e7251f",
    "data": [
      {
        "text": "what are the contents in the shop",
        "userDefined": false
      }
    ],
    "isTemplate": false,
    "count": 0,
    "updated": 1526570070
  },
  {
    "id": "8707021d-aa0a-4ebb-80d9-b1d367d243cc",
    "data": [
      {
        "text": "What can I get in this shop",
        "userDefined": false
      }
    ],
    "isTemplate": false,
    "count": 0,
    "updated": 1526570070
  }
]