[
  {
    "id": "991a11eb-c86b-48b2-a38c-23d063c146ae",
    "data": [
      {
        "text": "sort",
        "userDefined": false
      }
    ],
    "isTemplate": false,
    "count": 0,
    "updated": 1525458268
  },
  {
    "id": "18de9fa4-a837-4623-a541-386522287095",
    "data": [
      {
        "text": "items sort",
        "userDefined": false
      }
    ],
    "isTemplate": false,
    "count": 0,
    "updated": 1525458268
  },
  {
    "id": "0a1108e1-da07-49cd-81b0-2b9f17308f76",
    "data": [
      {
        "text": "sort the items",
        "userDefined": false
      }
    ],
    "isTemplate": false,
    "count": 1,
    "updated": 1525458268
  }
]