[
  {
    "id": "a8871ae6-32dd-4f2b-a3d5-393b59836597",
    "data": [
      {
        "text": "good morning",
        "userDefined": false
      }
    ],
    "isTemplate": false,
    "count": 0,
    "updated": 1525946396
  },
  {
    "id": "e25fc8bf-7977-4271-a8de-337d32cc0028",
    "data": [
      {
        "text": "good afternoon",
        "userDefined": false
      }
    ],
    "isTemplate": false,
    "count": 0,
    "updated": 1525946396
  },
  {
    "id": "18640838-caf1-475b-9d5e-e10ecab80139",
    "data": [
      {
        "text": "hey",
        "userDefined": false
      }
    ],
    "isTemplate": false,
    "count": 0,
    "updated": 1525946396
  },
  {
    "id": "e6ec2cfe-cf1f-4070-9bd4-0db4172b2ad5",
    "data": [
      {
        "text": "hello",
        "userDefined": false
      }
    ],
    "isTemplate": false,
    "count": 0,
    "updated": 1525946396
  },
  {
    "id": "5cb9cf53-0920-4902-ae46-4f5ee3502711",
    "data": [
      {
        "text": "good evening",
        "userDefined": false
      }
    ],
    "isTemplate": false,
    "count": 0,
    "updated": 1525946396
  },
  {
    "id": "90b69b7a-c76f-4c2d-84cd-fff5deeb56da",
    "data": [
      {
        "text": "hi",
        "userDefined": false
      }
    ],
    "isTemplate": false,
    "count": 0,
    "updated": 1525946396
  }
]