[
  {
    "id": "1d400562-6bb3-40b6-8693-249f6d955afb",
    "data": [
      {
        "text": "enchina",
        "userDefined": false
      }
    ],
    "isTemplate": false,
    "count": 0,
    "updated": 1526638446
  },
  {
    "id": "a4d38522-58ec-470a-a072-654524b63a8d",
    "data": [
      {
        "text": "BVC",
        "userDefined": false
      }
    ],
    "isTemplate": false,
    "count": 0,
    "updated": 1526638446
  },
  {
    "id": "e67b8334-61aa-4df6-9244-48c1b41a562c",
    "data": [
      {
        "text": "saav",
        "userDefined": false
      }
    ],
    "isTemplate": false,
    "count": 0,
    "updated": 1526638446
  },
  {
    "id": "24242d6d-5b4b-42f4-a38d-7d175d3b8568",
    "data": [
      {
        "text": "I want to have sex with you",
        "userDefined": false
      }
    ],
    "isTemplate": false,
    "count": 0,
    "updated": 1526638446
  },
  {
    "id": "4181e2f4-3938-40d0-9008-aeefa1cf41cc",
    "data": [
      {
        "text": "bearvaci",
        "userDefined": false
      }
    ],
    "isTemplate": false,
    "count": 0,
    "updated": 1526638446
  }
]