[
  {
    "id": "bbd69787-0a0c-439b-af77-2a7e5e0bc5ca",
    "data": [
      {
        "text": "when will ",
        "userDefined": false
      },
      {
        "text": "apple",
        "alias": "product",
        "meta": "@product",
        "userDefined": false
      },
      {
        "text": " expire",
        "userDefined": false
      }
    ],
    "isTemplate": false,
    "count": 0,
    "updated": 1526100736
  },
  {
    "id": "541cc6ed-7453-453e-af13-49a86803d619",
    "data": [
      {
        "text": "when will this product expire",
        "userDefined": false
      }
    ],
    "isTemplate": false,
    "count": 0,
    "updated": 1525155752
  },
  {
    "id": "1bc7546e-16ff-4fe8-8a40-3ef48b517f7d",
    "data": [
      {
        "text": "what is the shelf life of ",
        "userDefined": false
      },
      {
        "text": "apple",
        "alias": "product",
        "meta": "@product",
        "userDefined": true
      }
    ],
    "isTemplate": false,
    "count": 0,
    "updated": 1525751469
  },
  {
    "id": "e9878b31-0b65-4e40-8994-a506b3942cd3",
    "data": [
      {
        "text": "expire",
        "userDefined": false
      }
    ],
    "isTemplate": false,
    "count": 0,
    "updated": 1525155752
  },
  {
    "id": "2d7613ae-59a0-4d3e-b7f7-e27c7843c482",
    "data": [
      {
        "text": "will this ",
        "userDefined": false
      },
      {
        "text": "apple",
        "alias": "product",
        "meta": "@product",
        "userDefined": false
      },
      {
        "text": " expire soon?",
        "userDefined": false
      }
    ],
    "isTemplate": false,
    "count": 0,
    "updated": 1525751469
  },
  {
    "id": "8c57eb99-64c5-4f51-92ae-3c6be9010d86",
    "data": [
      {
        "text": "will this product expire",
        "userDefined": false
      }
    ],
    "isTemplate": false,
    "count": 0,
    "updated": 1525155752
  },
  {
    "id": "d863321c-d912-43af-a4aa-5006e8c0880e",
    "data": [
      {
        "text": "will this item expire soon",
        "userDefined": false
      }
    ],
    "isTemplate": false,
    "count": 0,
    "updated": 1525155752
  }
]