[
  {
    "id": "7431ce74-51e7-4a7e-aea9-c61d7c234365",
    "data": [
      {
        "text": "tell me ",
        "userDefined": false
      },
      {
        "text": "about",
        "meta": "@sys.ignore",
        "userDefined": false
      },
      {
        "text": " ",
        "userDefined": false
      },
      {
        "text": "apple",
        "alias": "product",
        "meta": "@product",
        "userDefined": false
      }
    ],
    "isTemplate": false,
    "count": 0,
    "updated": 1526107452
  },
  {
    "id": "dd0c6dd7-88b1-4aa9-b3ae-e76ff0c71358",
    "data": [
      {
        "text": "describe",
        "meta": "@sys.ignore",
        "userDefined": false
      },
      {
        "text": " ",
        "userDefined": false
      },
      {
        "text": "jim jam",
        "alias": "product",
        "meta": "@product",
        "userDefined": true
      }
    ],
    "isTemplate": false,
    "count": 0,
    "updated": 1526107452
  },
  {
    "id": "38bf37b2-a067-44e3-8352-f94f34de8c0a",
    "data": [
      {
        "text": "apple",
        "alias": "product",
        "meta": "@product",
        "userDefined": false
      },
      {
        "text": " ",
        "userDefined": false
      },
      {
        "text": "about",
        "meta": "@sys.ignore",
        "userDefined": false
      }
    ],
    "isTemplate": false,
    "count": 0,
    "updated": 1526107452
  },
  {
    "id": "5b68df9b-eb6b-4939-abf0-eaab06322088",
    "data": [
      {
        "text": "describe an ",
        "userDefined": false
      },
      {
        "text": "apple",
        "alias": "product",
        "meta": "@product",
        "userDefined": false
      }
    ],
    "isTemplate": false,
    "count": 0,
    "updated": 1526107452
  },
  {
    "id": "bc6294b6-d905-455b-9bcc-de93cd01cdc9",
    "data": [
      {
        "text": "What can you tell me about an ",
        "userDefined": false
      },
      {
        "text": "apple",
        "alias": "product",
        "meta": "@product",
        "userDefined": false
      }
    ],
    "isTemplate": false,
    "count": 0,
    "updated": 1526107452
  },
  {
    "id": "d2eab799-2683-43a4-a5f4-eddb65a3e37e",
    "data": [
      {
        "text": "about ",
        "userDefined": false
      },
      {
        "text": "apple",
        "alias": "product",
        "meta": "@product",
        "userDefined": true
      }
    ],
    "isTemplate": false,
    "count": 0,
    "updated": 1526107452
  },
  {
    "id": "94abbe53-e44e-4d4f-912c-a97cff6398cf",
    "data": [
      {
        "text": "tell me something about an ",
        "userDefined": false
      },
      {
        "text": "apple",
        "alias": "product",
        "meta": "@product",
        "userDefined": false
      }
    ],
    "isTemplate": false,
    "count": 0,
    "updated": 1526107452
  },
  {
    "id": "1b1ff1b0-c931-4b61-a0b8-845fa496cd4a",
    "data": [
      {
        "text": "what do you know about an ",
        "userDefined": false
      },
      {
        "text": "apple",
        "alias": "product",
        "meta": "@product",
        "userDefined": false
      }
    ],
    "isTemplate": false,
    "count": 0,
    "updated": 1526107452
  },
  {
    "id": "b020b19d-32b0-497e-9e1d-9cfc7702394b",
    "data": [
      {
        "text": "what is an ",
        "userDefined": false
      },
      {
        "text": "apple",
        "alias": "product",
        "meta": "@product",
        "userDefined": false
      }
    ],
    "isTemplate": false,
    "count": 0,
    "updated": 1526107452
  }
]