[
  {
    "id": "357cdc0c-c44d-4add-be52-abc3420cdaa9",
    "data": [
      {
        "text": "does the store offer any discounts on an ",
        "userDefined": false
      },
      {
        "text": "apple",
        "alias": "product",
        "meta": "@product",
        "userDefined": false
      }
    ],
    "isTemplate": false,
    "count": 0,
    "updated": 1525751448
  },
  {
    "id": "793552be-c9e9-46bc-90f8-ed9be5402841",
    "data": [
      {
        "text": "what is the discount on an ",
        "userDefined": false
      },
      {
        "text": "apple",
        "alias": "product",
        "meta": "@product",
        "userDefined": false
      }
    ],
    "isTemplate": false,
    "count": 0,
    "updated": 1525751448
  },
  {
    "id": "a124894f-d450-4829-a24f-1da31e060473",
    "data": [
      {
        "text": "is there a discount on ",
        "userDefined": false
      },
      {
        "text": "apples",
        "alias": "product",
        "meta": "@product",
        "userDefined": false
      },
      {
        "text": "?",
        "userDefined": false
      }
    ],
    "isTemplate": false,
    "count": 0,
    "updated": 1525751448
  }
]