[
  {
    "id": "b4cc7dc6-87ab-44c1-a02d-9a7711288406",
    "data": [
      {
        "text": "which item has ",
        "userDefined": false
      },
      {
        "text": "the",
        "meta": "@sys.ignore",
        "userDefined": false
      },
      {
        "text": " highest ",
        "userDefined": false
      },
      {
        "text": "discount",
        "meta": "@sys.ignore",
        "userDefined": false
      }
    ],
    "isTemplate": false,
    "count": 0,
    "updated": 1526108076
  },
  {
    "id": "7baf55fa-93dc-48a6-8599-296cec4b5cd5",
    "data": [
      {
        "text": "which item has ",
        "userDefined": false
      },
      {
        "text": "the",
        "meta": "@sys.ignore",
        "userDefined": false
      },
      {
        "text": " most ",
        "userDefined": false
      },
      {
        "text": "discount",
        "meta": "@sys.ignore",
        "userDefined": false
      }
    ],
    "isTemplate": false,
    "count": 0,
    "updated": 1526108076
  },
  {
    "id": "403157a9-90af-4a33-886c-673fa70ee2c5",
    "data": [
      {
        "text": "what is ",
        "userDefined": false
      },
      {
        "text": "the",
        "meta": "@sys.ignore",
        "userDefined": false
      },
      {
        "text": " special offer ",
        "userDefined": false
      },
      {
        "text": "today",
        "meta": "@sys.ignore",
        "userDefined": false
      }
    ],
    "isTemplate": false,
    "count": 0,
    "updated": 1526108076
  },
  {
    "id": "411a029b-e6bb-43ac-8063-ec16306750af",
    "data": [
      {
        "text": "which product has ",
        "userDefined": false
      },
      {
        "text": "the",
        "meta": "@sys.ignore",
        "userDefined": false
      },
      {
        "text": " most ",
        "userDefined": false
      },
      {
        "text": "discount",
        "meta": "@sys.ignore",
        "userDefined": false
      }
    ],
    "isTemplate": false,
    "count": 0,
    "updated": 1526108076
  },
  {
    "id": "de3d6293-7215-4f57-8f2e-00e9a79218d3",
    "data": [
      {
        "text": "what is ",
        "userDefined": false
      },
      {
        "text": "the",
        "meta": "@sys.ignore",
        "userDefined": false
      },
      {
        "text": " best offer",
        "userDefined": false
      }
    ],
    "isTemplate": false,
    "count": 0,
    "updated": 1526108076
  },
  {
    "id": "b20ea90c-1617-483c-bbe5-75aa07fb4adf",
    "data": [
      {
        "text": "What is ",
        "userDefined": false
      },
      {
        "text": "the",
        "meta": "@sys.ignore",
        "userDefined": false
      },
      {
        "text": " best deal ",
        "userDefined": false
      },
      {
        "text": "today",
        "meta": "@sys.ignore",
        "userDefined": false
      }
    ],
    "isTemplate": false,
    "count": 0,
    "updated": 1526108076
  }
]