[
  {
    "id": "4f2e21db-f548-47b8-a297-7f8b7cba6a2f",
    "data": [
      {
        "text": "what type of ",
        "userDefined": false
      },
      {
        "text": "apple",
        "alias": "name",
        "meta": "@sys.any",
        "userDefined": true
      },
      {
        "text": " do you have ?",
        "userDefined": false
      }
    ],
    "isTemplate": false,
    "count": 0,
    "updated": 1525584812
  },
  {
    "id": "ee299b81-5cf6-4d2d-8cbe-79012b598e05",
    "data": [
      {
        "text": "what are the types of items in the store",
        "userDefined": false
      }
    ],
    "isTemplate": false,
    "count": 0,
    "updated": 1525529974
  }
]