[
  {
    "id": "4c1bf171-8ac6-4bec-8b4c-b07b19260da8",
    "data": [
      {
        "text": "manufactured",
        "userDefined": false
      }
    ],
    "isTemplate": false,
    "count": 0,
    "updated": 1525156428
  },
  {
    "id": "cb060c86-1107-4f3c-85ce-4a16dace301c",
    "data": [
      {
        "text": "When did you get the ",
        "userDefined": false
      },
      {
        "text": "apple",
        "alias": "product",
        "meta": "@product",
        "userDefined": true
      }
    ],
    "isTemplate": false,
    "count": 0,
    "updated": 1526283688
  },
  {
    "id": "31c9fd66-5af3-4adb-8028-808b7a8fac46",
    "data": [
      {
        "text": "produced",
        "userDefined": false
      }
    ],
    "isTemplate": false,
    "count": 0,
    "updated": 1525156428
  },
  {
    "id": "aebc1db5-fe7e-40d5-913f-64c056bef4f0",
    "data": [
      {
        "text": "when did you obtain the ",
        "userDefined": false
      },
      {
        "text": "apple",
        "alias": "product",
        "meta": "@product",
        "userDefined": true
      }
    ],
    "isTemplate": false,
    "count": 0,
    "updated": 1526283688
  },
  {
    "id": "f98840fc-aff9-4091-acdc-bb53517780ef",
    "data": [
      {
        "text": "obtained",
        "userDefined": false
      }
    ],
    "isTemplate": false,
    "count": 0,
    "updated": 1525156428
  },
  {
    "id": "7e070e2f-73c1-4bac-96d3-e0fa1dbe6e2e",
    "data": [
      {
        "text": "when did you get this item",
        "userDefined": false
      }
    ],
    "isTemplate": false,
    "count": 0,
    "updated": 1525154842
  },
  {
    "id": "7147280e-a64d-4f9e-a2ec-7e222ff49359",
    "data": [
      {
        "text": "when was this item obtained",
        "userDefined": false
      }
    ],
    "isTemplate": false,
    "count": 0,
    "updated": 1525154842
  }
]