[
  {
    "id": "5092ca42-df5e-49ba-8c71-c54017005cd5",
    "data": [
      {
        "text": "scan",
        "userDefined": false
      }
    ],
    "isTemplate": false,
    "count": 0,
    "updated": 1524764879
  },
  {
    "id": "0e19619d-72a3-468b-aa54-f92bd39eb877",
    "data": [
      {
        "text": "can you scan this item",
        "userDefined": false
      }
    ],
    "isTemplate": false,
    "count": 0,
    "updated": 1524764879
  },
  {
    "id": "eb5495b5-0e69-45ef-8949-0b7ba5d5212b",
    "data": [
      {
        "text": "please scan this item",
        "userDefined": false
      }
    ],
    "isTemplate": false,
    "count": 0,
    "updated": 1524764879
  },
  {
    "id": "8e7d5a94-88b1-4bc6-9159-397506c86a60",
    "data": [
      {
        "text": "scan this item",
        "userDefined": false
      }
    ],
    "isTemplate": false,
    "count": 0,
    "updated": 1524764879
  },
  {
    "id": "de9a5988-ff0d-48fe-a828-601688c212d0",
    "data": [
      {
        "text": "scan this",
        "userDefined": false
      }
    ],
    "isTemplate": false,
    "count": 0,
    "updated": 1524764879
  }
]