[
  {
    "id": "fdd26c71-840d-4b9d-b581-9aa8a1fc518a",
    "data": [
      {
        "text": "how much ",
        "userDefined": false
      },
      {
        "text": "sugar",
        "alias": "product",
        "meta": "@product",
        "userDefined": false
      }
    ],
    "isTemplate": false,
    "count": 0,
    "updated": 1525772587
  },
  {
    "id": "1e3d0af9-3973-4cd2-9265-cb9a40f423b8",
    "data": [
      {
        "text": "how many ",
        "userDefined": false
      },
      {
        "text": "apples",
        "alias": "product",
        "meta": "@product",
        "userDefined": false
      },
      {
        "text": " are there in the store",
        "userDefined": false
      }
    ],
    "isTemplate": false,
    "count": 0,
    "updated": 1522307014
  },
  {
    "id": "5b4a95a9-a675-4d09-95a7-5334122b8c8d",
    "data": [
      {
        "text": "how many ",
        "userDefined": false
      },
      {
        "text": "apples",
        "alias": "product",
        "meta": "@product",
        "userDefined": false
      },
      {
        "text": " are there",
        "userDefined": false
      }
    ],
    "isTemplate": false,
    "count": 0,
    "updated": 1522307014
  },
  {
    "id": "ddec5729-db17-442e-bb0e-cb9d571c1a28",
    "data": [
      {
        "text": "how many ",
        "userDefined": false
      },
      {
        "text": "apples",
        "alias": "product",
        "meta": "@product",
        "userDefined": false
      },
      {
        "text": " can I buy",
        "userDefined": false
      }
    ],
    "isTemplate": false,
    "count": 0,
    "updated": 1522307014
  }
]