[
  {
    "id": "9cd17341-d9f4-466f-b3ef-a592c025dd98",
    "data": [
      {
        "text": "what is cost of ",
        "userDefined": false
      },
      {
        "text": "apple",
        "alias": "product",
        "meta": "@product",
        "userDefined": true
      }
    ],
    "isTemplate": false,
    "count": 0,
    "updated": 1526578945
  },
  {
    "id": "e103e871-079f-4aa9-8c34-099aecc78f68",
    "data": [
      {
        "text": "how much does it ",
        "userDefined": false
      },
      {
        "text": "cost",
        "meta": "@sys.ignore",
        "userDefined": false
      }
    ],
    "isTemplate": false,
    "count": 0,
    "updated": 1525977070
  },
  {
    "id": "ee45436f-5195-4955-8fcd-0e4a3409d2e2",
    "data": [
      {
        "text": "What is the cost of an ",
        "userDefined": false
      },
      {
        "text": "apple",
        "alias": "product",
        "meta": "@product",
        "userDefined": true
      }
    ],
    "isTemplate": false,
    "count": 0,
    "updated": 1525753079
  },
  {
    "id": "362bf4f8-f96f-4c2f-9ba8-d00344a46bfc",
    "data": [
      {
        "text": "price of an ",
        "userDefined": false
      },
      {
        "text": "apple",
        "alias": "product",
        "meta": "@product",
        "userDefined": true
      }
    ],
    "isTemplate": false,
    "count": 0,
    "updated": 1525753079
  },
  {
    "id": "dd1661d3-4cde-401a-9cd4-6bd6b80f3627",
    "data": [
      {
        "text": "How much does an ",
        "userDefined": false
      },
      {
        "text": "apple",
        "alias": "product",
        "meta": "@product",
        "userDefined": true
      },
      {
        "text": " cost",
        "userDefined": false
      }
    ],
    "isTemplate": false,
    "count": 0,
    "updated": 1525753079
  },
  {
    "id": "0fbf7d5b-c833-46a1-b234-21c782cda01a",
    "data": [
      {
        "text": "apple",
        "alias": "product",
        "meta": "@product",
        "userDefined": true
      },
      {
        "text": " price",
        "userDefined": false
      }
    ],
    "isTemplate": false,
    "count": 0,
    "updated": 1525753079
  },
  {
    "id": "71fd6415-4167-4680-b72d-f0f46cd6b796",
    "data": [
      {
        "text": "What is the price of an ",
        "userDefined": false
      },
      {
        "text": "apple",
        "alias": "product",
        "meta": "@product",
        "userDefined": true
      }
    ],
    "isTemplate": false,
    "count": 0,
    "updated": 1525753079
  }
]