[
  {
    "id": "01d16924-38f0-40ff-b493-71b8266b5bb1",
    "data": [
      {
        "text": "tell me something interesting ",
        "userDefined": false
      },
      {
        "text": "about",
        "meta": "@sys.ignore",
        "userDefined": false
      },
      {
        "text": " an ",
        "userDefined": false
      },
      {
        "text": "apple",
        "alias": "product",
        "meta": "@product",
        "userDefined": false
      }
    ],
    "isTemplate": false,
    "count": 0,
    "updated": 1526607636
  }
]