[
  {
    "id": "de5eabf8-f6c8-4776-a3ba-a5d4f7ed3730",
    "data": [
      {
        "text": "do you have ",
        "userDefined": false
      },
      {
        "text": "sugar",
        "alias": "product",
        "meta": "@product",
        "userDefined": false
      },
      {
        "text": " ?",
        "userDefined": false
      }
    ],
    "isTemplate": false,
    "count": 0,
    "updated": 1525772939
  },
  {
    "id": "92621228-b85c-40a3-bc6c-17157831f112",
    "data": [
      {
        "text": "Where is ",
        "userDefined": false
      },
      {
        "text": "apple",
        "alias": "product",
        "meta": "@product",
        "userDefined": true
      },
      {
        "text": " located",
        "userDefined": false
      }
    ],
    "isTemplate": false,
    "count": 0,
    "updated": 1521816750
  },
  {
    "id": "50536271-081d-4e8f-b48e-fb8446e94532",
    "data": [
      {
        "text": "where can i find an ",
        "userDefined": false
      },
      {
        "text": "apple",
        "alias": "product",
        "meta": "@product",
        "userDefined": false
      },
      {
        "text": " in this store",
        "userDefined": false
      }
    ],
    "isTemplate": false,
    "count": 0,
    "updated": 1522308095
  },
  {
    "id": "90857da5-a791-4949-b043-33a6cfe2b9aa",
    "data": [
      {
        "text": "where is the ",
        "userDefined": false
      },
      {
        "text": "apple",
        "alias": "product",
        "meta": "@product",
        "userDefined": false
      }
    ],
    "isTemplate": false,
    "count": 0,
    "updated": 1522308095
  },
  {
    "id": "2b530f92-0c8f-4ae2-aa25-a207176f119e",
    "data": [
      {
        "text": "where can i look for an ",
        "userDefined": false
      },
      {
        "text": "apple",
        "alias": "product",
        "meta": "@product",
        "userDefined": false
      }
    ],
    "isTemplate": false,
    "count": 0,
    "updated": 1522308095
  },
  {
    "id": "07c51239-6d82-43b5-84c2-22344d08524e",
    "data": [
      {
        "text": "Where can I find an ",
        "userDefined": false
      },
      {
        "text": "apple",
        "alias": "product",
        "meta": "@product",
        "userDefined": true
      }
    ],
    "isTemplate": false,
    "count": 0,
    "updated": 1521816750
  }
]