[
  {
    "id": "585dd609-d830-4ebb-a06d-53c1976e7953",
    "data": [
      {
        "text": "what is ",
        "userDefined": false
      },
      {
        "text": "the",
        "meta": "@sys.ignore",
        "userDefined": false
      },
      {
        "text": " costliest item",
        "userDefined": false
      }
    ],
    "isTemplate": false,
    "count": 0,
    "updated": 1526092622
  },
  {
    "id": "b9479c89-dca2-4603-b6f2-23b172b5bb25",
    "data": [
      {
        "text": "what is ",
        "userDefined": false
      },
      {
        "text": "the",
        "meta": "@sys.ignore",
        "userDefined": false
      },
      {
        "text": " most expensive item",
        "userDefined": false
      }
    ],
    "isTemplate": false,
    "count": 0,
    "updated": 1526092622
  },
  {
    "id": "fcecbb39-75bd-4536-8eaf-caae462b6644",
    "data": [
      {
        "text": "what is ",
        "userDefined": false
      },
      {
        "text": "the",
        "meta": "@sys.ignore",
        "userDefined": false
      },
      {
        "text": " most expensive item in ",
        "userDefined": false
      },
      {
        "text": "the",
        "meta": "@sys.ignore",
        "userDefined": false
      },
      {
        "text": " store",
        "userDefined": false
      }
    ],
    "isTemplate": false,
    "count": 0,
    "updated": 1526092622
  }
]