[
  {
    "id": "3f3de992-cc18-4fb3-91c9-c2d3085422a8",
    "data": [
      {
        "text": "I agree",
        "userDefined": false
      }
    ],
    "isTemplate": false,
    "count": 1,
    "updated": 1524069100
  },
  {
    "id": "0926d483-2ba6-4772-9c1e-92f50487754a",
    "data": [
      {
        "text": "that\u0027s correct",
        "userDefined": false
      }
    ],
    "isTemplate": false,
    "count": 0,
    "updated": 1524069100
  },
  {
    "id": "d5351db8-6ed4-4b0f-809a-56f54cc3534e",
    "data": [
      {
        "text": "do it",
        "userDefined": false
      }
    ],
    "isTemplate": false,
    "count": 1,
    "updated": 1524069100
  },
  {
    "id": "b569d8e1-6bbc-4ea5-81ed-6451dec1185d",
    "data": [
      {
        "text": "confirm",
        "userDefined": false
      }
    ],
    "isTemplate": false,
    "count": 1,
    "updated": 1524069100
  },
  {
    "id": "02bf56ec-d196-4f6a-af9d-73ddf006e743",
    "data": [
      {
        "text": "of course",
        "userDefined": false
      }
    ],
    "isTemplate": false,
    "count": 0,
    "updated": 1524069100
  },
  {
    "id": "40cec282-5753-4b38-9bdb-111f5c3ebb15",
    "data": [
      {
        "text": "okay",
        "userDefined": false
      }
    ],
    "isTemplate": false,
    "count": 0,
    "updated": 1524069100
  },
  {
    "id": "6cff3842-cc4f-4a0c-8bb7-b593842abd3a",
    "data": [
      {
        "text": "yes",
        "userDefined": false
      }
    ],
    "isTemplate": false,
    "count": 0,
    "updated": 1524069100
  },
  {
    "id": "c7356b88-05c1-4c72-b2c4-9b63d4668468",
    "data": [
      {
        "text": "ok",
        "userDefined": false
      }
    ],
    "isTemplate": false,
    "count": 0,
    "updated": 1524069100
  },
  {
    "id": "e5ec5417-9f7b-45d3-abe9-6b2d0396fff7",
    "data": [
      {
        "text": "sure",
        "userDefined": false
      }
    ],
    "isTemplate": false,
    "count": 2,
    "updated": 1524069100
  },
  {
    "id": "6dd9a6a2-7906-4b99-a75a-e039ba87d642",
    "data": [
      {
        "text": "I don\u0027t mind",
        "userDefined": false
      }
    ],
    "isTemplate": false,
    "count": 0,
    "updated": 1524069100
  },
  {
    "id": "61e4b445-a99c-4d6d-94d5-5832d000fc1f",
    "data": [
      {
        "text": "sounds good",
        "userDefined": false
      }
    ],
    "isTemplate": false,
    "count": 0,
    "updated": 1524069100
  },
  {
    "id": "71127d89-0677-498b-8a56-98eb012b7dac",
    "data": [
      {
        "text": "exactly",
        "userDefined": false
      }
    ],
    "isTemplate": false,
    "count": 0,
    "updated": 1524069100
  }
]