[
  {
    "id": "d420a039-1626-42c1-9541-6cbdcdd728c9",
    "data": [
      {
        "text": "The",
        "meta": "@sys.ignore",
        "userDefined": false
      },
      {
        "text": " bill is too costly",
        "userDefined": false
      }
    ],
    "isTemplate": false,
    "count": 0,
    "updated": 1526541564
  },
  {
    "id": "7260d00d-71ce-4ced-b7db-3f29227215a1",
    "data": [
      {
        "text": "The",
        "meta": "@sys.ignore",
        "userDefined": false
      },
      {
        "text": " bill is too much",
        "userDefined": false
      }
    ],
    "isTemplate": false,
    "count": 0,
    "updated": 1526541553
  },
  {
    "id": "0f0b4c90-5b80-407f-9e2e-e63ced2c4ef8",
    "data": [
      {
        "text": "This item is too expensive",
        "userDefined": false
      }
    ],
    "isTemplate": false,
    "count": 0,
    "updated": 1526541553
  }
]