[
  {
    "value": "price",
    "synonyms": [
      "price",
      "cost",
      "value"
    ]
  },
  {
    "value": "expired",
    "synonyms": [
      "expired",
      "finished",
      "completed"
    ]
  },
  {
    "value": "obtained",
    "synonyms": [
      "obtained",
      "manufactured",
      "generated",
      "produced",
      "production",
      "made"
    ]
  },
  {
    "value": "about",
    "synonyms": [
      "about",
      "describe",
      "description"
    ]
  },
  {
    "value": "name",
    "synonyms": [
      "name"
    ]
  },
  {
    "value": "discount",
    "synonyms": [
      "discount"
    ]
  },
  {
    "value": "quantity",
    "synonyms": [
      "quantity",
      "number"
    ]
  },
  {
    "value": "location",
    "synonyms": [
      "location",
      "place"
    ]
  }
]