[
  {
    "value": "banana",
    "synonyms": [
      "bananas",
      "Banana",
      "Bananas",
      "banana"
    ]
  },
  {
    "value": "apple",
    "synonyms": [
      "apple",
      "apples",
      "Apple",
      "Apples",
      "Apple",
      "Apple"
    ]
  },
  {
    "value": "pineapple",
    "synonyms": [
      "pineapple",
      "Pineapple",
      "pineapples",
      "Pineapples"
    ]
  },
  {
    "value": "carrot",
    "synonyms": [
      "carrot",
      "carrots",
      "Carrot",
      "Carrots"
    ]
  },
  {
    "value": "soap",
    "synonyms": [
      "soap",
      "soaps",
      "Soap",
      "Soaps"
    ]
  },
  {
    "value": "sugar",
    "synonyms": [
      "sugar",
      "sugars",
      "Sugar",
      "Sugars"
    ]
  },
  {
    "value": "duct tape",
    "synonyms": [
      "duct tape",
      "Duct tape",
      "Duct Tape",
      "duct Tape",
      "tape",
      "Tape"
    ]
  },
  {
    "value": "parachute after shower",
    "synonyms": [
      "parachute after shower",
      "Parachute after shower",
      "Parachute After Shower",
      "Parachute After shower",
      "Parachute after Shower",
      "after shower cream",
      "after shower gel",
      "after shower",
      "After Shower",
      "parachute gel",
      "Patachute shower gel",
      "Parachute gel",
      "parachute shower gel"
    ]
  },
  {
    "value": "scissors",
    "synonyms": [
      "scissors",
      "scissor",
      "Scissors",
      "Scissor",
      "pair of scissors",
      "pair of Scissors"
    ]
  },
  {
    "value": "asian paints ultima",
    "synonyms": [
      "asian paints ultima",
      "Asian paints ultima",
      "Asian paints Ultima",
      "Asian Paints Ultima",
      "Asian paints",
      "Asian Paints",
      "asian paints",
      "house paint",
      "paint bucket",
      "apex ultima",
      "Apex Ultima",
      "Apex ultima"
    ]
  },
  {
    "value": "jbl bluetooth speakers",
    "synonyms": [
      "jbl bluetooth speakers",
      "JBL speaker",
      "JBL speakers",
      "jbl speaker",
      "jbl speakers",
      "JBL bluetooth speakers",
      "JBL bluetooth speaker",
      "jbl bluetooth speaker",
      "bluetooth speaker",
      "Bluetooth speaker",
      "jbl blue tooth speakers",
      "JBL blue tooth speakers",
      "JBL blue tooth speaker",
      "jbl blue tooth speaker",
      "blue tooth speaker"
    ]
  },
  {
    "value": "maggi masala noodles",
    "synonyms": [
      "maggi masala noodles",
      "Maggi masala noodles",
      "Maggi Masala Noodles",
      "Maggi Masala noodles",
      "Maggi noodles",
      "maggi noodles",
      "masala noodles",
      "Masala noodles",
      "Maggi Noodles",
      "noodles",
      "Noodles"
    ]
  },
  {
    "value": "krack jack biscuit",
    "synonyms": [
      "krack jack biscuit",
      "crack jack biscuit",
      "Krack jack biscuit",
      "Krack Jack biscuit",
      "krack Jack biscuit",
      "crack Jack biscuit",
      "crack jack",
      "crack jack biscuits",
      "crack Jack biscuits",
      "crack Jack",
      "Crack Jack"
    ]
  },
  {
    "value": "green apple",
    "synonyms": [
      "green apple",
      "Green Apple",
      "green Apple",
      "Green apple"
    ]
  },
  {
    "value": "blue lays",
    "synonyms": [
      "blue lays",
      "Blue Lays",
      "blue Lays",
      "blue lay\u0027s",
      "Lay\u0027s",
      "blue lay\u0027s"
    ]
  },
  {
    "value": "jim jam",
    "synonyms": [
      "jim jam",
      "Jim Jam",
      "Jim jam",
      "Jim jams",
      "Jim jam biscuits",
      "jim jam biscuit",
      "jim jams",
      "Jim jams",
      "Jim Jams"
    ]
  },
  {
    "value": "safety pin",
    "synonyms": [
      "safety pin",
      "Safety pin",
      "Safety Pin"
    ]
  },
  {
    "value": "pringles",
    "synonyms": [
      "pringles",
      "Pringles",
      "Pringle",
      "pringle"
    ]
  }
]